rating,length
G,111.0505617977528
NC-17,113.22857142857143
PG,112.00515463917526
PG-13,120.4439461883408
R,118.66153846153846
